name,apl,std_error,label
popc,64.6086,0.0559,POPC
sca,65.6688,0.0888,ALA
scv,66.312,0.0678,VAL
scl,66.5503,0.0685,LEU
sci,66.439,0.0648,ILE
scc,66.5039,0.0907,CYS
scm,67.0356,0.0739,MET
scs,64.7951,0.0783,SER
sct,65.4081,0.1065,THR
scn,64.6989,0.1229,ASN
scq,65.6951,0.1309,GLN
scf,67.4571,0.0893,PHE
scy,69.2853,0.0735,TYR
scw,70.1539,0.0958,TRP
scp,68.5767,0.1845,PRO
glyd,65.1093,0.1248,GLYD
sche,64.7796,0.1247,HSE
schd,64.9081,0.1102,HSD
scdn,66.6391,0.1215,ASP0
scen,68.672,0.1389,GLU0
sckn,70.0497,0.172,LYS0
scrn,71.2703,0.1213,ARG0
schp,64.4,0.1207,HSP+
scd,64.0635,0.0851,ASP-
sce,63.9757,0.0707,GLU-
sccm,64.024,0.086,CYS-
scym,64.6222,0.0887,TYR-
sck,65.6878,0.1107,LYS+
scr,67.4016,0.1082,ARG+
scrn-1,67.6802,0.1365,ARG0 (0.1M)
scw-1,67.2603,0.0893,TRP (0.1M)
