name,thickness,std_error,label
popc,39.117,0.0325,POPC
sca,39.4837,0.0452,ALA
scv,39.95,0.0337,VAL
scl,40.203,0.0329,LEU
sci,40.2119,0.0258,ILE
scc,39.1639,0.0398,CYS
scm,39.7734,0.032,MET
scs,39.0703,0.0375,SER
sct,38.8662,0.05,THR
scn,39.1325,0.0547,ASN
scq,38.7682,0.049,GLN
scf,39.91,0.0361,PHE
scy,38.7284,0.0271,TYR
scw,38.4806,0.0453,TRP
scp,38.0282,0.0576,PRO
glyd,38.9412,0.0578,GLYD
sche,39.0465,0.0574,HSE
schd,39.0226,0.0428,HSD
scdn,38.517,0.0473,ASP0
scen,38.0483,0.049,GLU0
sckn,37.8083,0.0575,LYS0
scrn,37.3981,0.0442,ARG0
schp,39.2105,0.0568,HSP+
scd,39.3583,0.0389,ASP-
sce,39.379,0.0334,GLU-
sccm,39.3636,0.0463,CYS-
scym,39.1105,0.0464,TYR-
sck,38.7596,0.0527,LYS+
scr,37.9209,0.0532,ARG+
scrn-1,38.3254,0.0874,ARG0 (0.1M)
scw-1,38.8344,0.0371,TRP (0.1M)
